Dates,UBS Long US CDX IG 5Y ER,UBS Shrt US CDX IG 5Y ER,CDX IG 5 yr Basket OTR,UBS Long CDX EM 5Y ER USD,UBS Shortable CDX EM 5Y ER USD,UBS Long US CDX HY 5Y ER,UBS Shrt US CDX HY 5Y ER,CDX HY Basket OTR
3/30/2007,99.9516,99.9516,114.2616,100.3159,100.3159,99.9741,99.9741,117.9904
4/6/2007,100.0056,100.0056,114.3916,100.5873,100.5873,100.0806,100.0806,118.1016
4/13/2007,100.046,100.046,114.5759,100.6338,100.6338,100.6092,100.6092,118.9486
4/20/2007,100.1696,100.1696,114.8324,101.139,101.139,101.5548,101.5548,120.313
4/27/2007,100.1023,100.1023,114.8681,101.0134,101.0134,101.2338,101.2338,120.0536
5/4/2007,100.1263,100.1263,115.0079,100.8738,100.8738,101.076,101.076,120.0196
5/11/2007,100.1606,100.1606,115.1609,100.8683,100.8683,101.3779,101.3779,120.524
5/18/2007,100.1941,100.1941,115.3137,101.1987,101.1987,101.4142,101.4142,120.5868
5/25/2007,100.2426,100.2426,115.4668,101.2042,101.2042,101.6643,101.6643,121.0428
6/1/2007,100.2559,100.2559,115.6116,101.3347,101.3347,101.8772,101.8772,121.2261
6/8/2007,100.2006,100.2006,115.6575,101.0592,101.0592,101.4541,101.4541,121.0398
6/15/2007,100.2145,100.2145,115.7977,101.3608,101.3608,101.5398,101.5398,121.3561
6/22/2007,100.0429,100.0433,115.6985,101.1566,101.1597,100.0823,100.0894,119.4745
6/29/2007,99.9693,99.9697,115.7636,100.6436,100.6467,98.7207,98.7277,118.3473
7/6/2007,99.9219,99.9223,115.8002,100.9136,100.9167,98.3448,98.3517,117.8719
7/13/2007,99.9552,99.9557,115.9478,100.7776,100.7807,98.1269,98.1339,117.7983
7/20/2007,99.5539,99.5544,115.6029,100.2355,100.2387,95.6296,95.6363,114.779
7/27/2007,98.5372,98.5377,114.364,97.0611,97.0641,92.3634,92.3699,110.5803
8/3/2007,98.3744,98.3749,114.3765,98.1039,98.107,94.0066,94.0132,112.8909
8/10/2007,98.9286,98.929,115.1774,98.5109,98.514,95.9733,95.98,115.8206
8/17/2007,98.7396,98.7401,115.1169,97.4577,97.4607,96.5169,96.5237,116.4829
8/24/2007,99.2919,99.2924,115.8699,98.6766,98.6797,97.6192,97.6261,118.0563
8/31/2007,98.9986,98.999,115.6891,98.5623,98.5654,96.8195,96.8263,117.0442
9/7/2007,98.7586,98.759,115.5076,98.036,98.0391,96.5511,96.5579,116.8451
9/14/2007,99.0458,99.0463,115.9329,98.6411,98.6442,97.6178,97.6247,118.3345
9/21/2007,99.5351,99.5361,116.6733,100.3063,100.3492,99.6321,99.6465,120.8581
9/28/2007,99.2795,99.3203,116.505,99.8081,100.0493,99.1702,99.1844,120.7621
10/5/2007,99.5702,99.6611,116.9781,100.1327,100.5344,100.1347,100.3115,121.9526
10/12/2007,99.6618,99.7627,117.2374,100.6155,101.0191,100.8892,101.2294,123.0864
10/19/2007,99.0518,99.1521,116.5186,99.6068,100.0064,98.1248,98.5348,119.9456
10/26/2007,99.1196,99.2199,116.7876,99.8002,100.2006,98.7177,99.1302,120.6678
11/2/2007,98.6582,98.7581,116.3817,99.5024,99.9016,97.2191,97.6253,118.9271
11/9/2007,98.349,98.4486,116.117,98.5716,98.967,95.9281,96.3289,117.6041
11/16/2007,98.3707,98.4703,116.2314,98.3099,98.7043,95.3477,95.7461,117.0629
11/23/2007,98.2537,98.3532,116.12,97.4906,97.8817,95.0836,95.4809,116.6149
11/30/2007,98.4407,98.5404,116.5119,98.8115,99.2078,96.2449,96.647,118.3666
12/7/2007,98.4734,98.5731,116.6648,99.3615,99.7601,97.035,97.4404,119.5441
12/14/2007,98.5301,98.6299,116.8523,99.0506,99.448,96.7553,97.1595,119.5993
12/21/2007,98.4117,98.5119,116.798,99.1424,99.5489,96.5585,96.9719,119.0488
12/28/2007,98.4582,98.5585,117,99.1472,99.5538,96.64,97.0537,119.2567
1/4/2008,97.991,98.0909,116.511,98.3041,98.7072,94.944,95.3505,117.3923
1/11/2008,97.6207,97.7201,116.1599,98.0682,98.4704,94.092,94.4949,116.4546
1/18/2008,97.0988,97.1977,115.6937,97.1722,97.5706,92.1808,92.5754,114.1512
1/25/2008,97.289,97.3881,115.9451,97.4028,97.8022,92.8513,93.2489,115.3451
2/1/2008,97.279,97.3781,116.0141,97.799,98.2,92.8469,93.2444,115.2505
2/8/2008,96.3216,96.4197,114.9201,96.2312,96.6258,89.5168,89.9,111.3968
2/15/2008,95.6884,95.7859,114.2367,96.4304,96.8258,89.1216,89.5032,110.7971
2/22/2008,95.4214,95.5186,114.0303,96.7537,97.1505,89.8264,90.2109,111.5814
2/29/2008,94.9247,95.0214,113.4596,96.4731,96.8687,89.1325,89.5141,110.7403
3/7/2008,94.4544,94.5506,112.9753,95.7896,96.1824,88.1223,88.4995,109.5376
3/14/2008,93.9454,94.0411,112.4075,95.6721,96.0644,87.9552,88.3318,109.3556
3/21/2008,95.2292,95.3269,113.993,96.6979,97.0944,89.4903,89.8775,111.4532
3/28/2008,95.7252,95.8375,114.6296,96.37,96.8868,90.6663,91.0586,112.9936
4/4/2008,97.1608,97.3364,116.4838,97.4691,98.1955,93.5099,93.9631,116.5672
4/11/2008,96.2972,96.5182,115.553,97.2544,98.0574,91.8627,92.5621,114.8502
4/18/2008,97.4549,97.6786,117.0848,98.496,99.3092,94.7646,95.6896,118.557
4/25/2008,97.5901,97.814,117.2672,98.4633,99.2762,95.535,96.4675,119.5063
5/2/2008,98.2279,98.4533,117.9785,98.9343,99.7511,97.161,98.1094,121.8326
5/9/2008,97.4364,97.66,117.1667,98.3863,99.1986,94.8956,95.8219,118.9447
5/16/2008,98.0304,98.2554,117.9528,99.1784,99.9973,96.7936,97.7384,121.1971
5/23/2008,97.2375,97.4607,117.0294,98.9004,99.7169,94.8091,95.7345,118.8463
5/30/2008,97.587,97.8109,117.5483,99.3536,100.1739,95.8605,96.7962,120.2766
6/6/2008,97.0254,97.248,116.9473,98.5508,99.3644,94.7717,95.6967,118.8944
6/13/2008,97.0778,97.3005,116.9792,98.4831,99.2962,94.8856,95.8117,119.628
6/20/2008,96.6771,96.9,116.5682,98.1811,99.0046,94.2306,95.1636,118.573
6/27/2008,95.9485,96.1698,115.785,97.5514,98.3696,92.8293,93.7483,116.8535
7/4/2008,95.7837,96.0046,115.5859,97.1573,97.9722,91.8004,92.7093,115.6092
7/11/2008,96.1784,96.4002,116.1612,97.2631,98.0788,92.0998,93.0116,116.0748
7/18/2008,96.2591,96.481,116.3193,97.979,98.8007,92.7984,93.7172,116.9441
7/25/2008,96.3494,96.5715,116.4566,98.2209,99.0447,92.7611,93.6795,116.9688
8/1/2008,96.5303,96.7528,116.7699,98.1293,98.9524,92.5686,93.4851,116.6701
8/8/2008,96.5552,96.7779,116.7314,97.432,98.2492,92.4052,93.32,116.6203
8/15/2008,96.47,96.6925,116.7952,97.5132,98.3311,92.5228,93.4388,116.7211
8/22/2008,96.2634,96.4854,116.5617,97.5956,98.4142,92.486,93.4016,116.9353
8/29/2008,96.1604,96.3821,116.5542,97.6619,98.481,92.4894,93.4051,116.9164
9/5/2008,96.1294,96.351,116.5218,96.9836,97.797,93.1023,94.024,117.8171
9/12/2008,95.8767,96.0978,116.3641,96.8091,97.6211,93.3917,94.3163,118.5496
9/19/2008,95.9497,96.171,116.3391,95.8698,96.6739,92.7099,93.6278,117.3851
9/26/2008,95.4893,95.7106,115.9154,95.8575,96.6614,90.9921,91.907,115.5781
10/3/2008,94.5716,94.7908,114.1432,93.4388,94.283,89.2361,90.1334,113.1374
10/10/2008,92.8074,93.0992,112.4668,85.3576,86.5178,83.2831,84.2967,106.3698
10/17/2008,93.529,93.8998,112.9957,84.3792,85.9042,83.3579,84.7277,105.9209
10/24/2008,92.297,92.7001,111.6341,74.3891,75.7335,81.8724,83.5581,104.6826
10/31/2008,93.2112,93.6184,112.8305,83.7134,85.2264,84.1911,85.9246,107.7644
11/7/2008,93.8322,94.2421,113.6532,84.5821,86.1108,83.6786,85.4015,107.1354
11/14/2008,93.2087,93.6159,112.8734,80.952,82.4151,82.144,83.8354,105.2541
11/21/2008,90.7086,91.1049,109.0637,77.8808,79.2884,74.6405,76.1774,95.5356
11/28/2008,91.9333,92.3349,111.3401,81.9257,83.4064,77.8651,79.4683,99.7354
12/5/2008,90.4758,90.871,109.7713,79.4457,80.8815,76.4625,78.0369,97.7994
12/12/2008,90.904,91.3011,110.3437,80.2698,81.7206,76.3291,77.9007,98.0515
12/19/2008,92.8536,93.2592,112.8207,82.0053,83.4874,80.6127,82.2725,103.2757
12/26/2008,93.137,93.5449,113.3335,82.068,83.5708,82.558,84.2753,106.266
1/2/2009,93.6221,94.0321,113.5963,82.2661,83.7726,83.9058,85.6512,107.8777
1/9/2009,93.4895,93.899,113.4269,83.104,84.6258,82.3556,84.0687,105.6498
1/16/2009,92.9734,93.3805,112.9771,82.0412,83.5436,79.18,80.827,101.5757
1/23/2009,93.3461,93.7549,113.2925,81.964,83.4649,77.7372,79.3542,99.8802
1/30/2009,93.77,94.1807,113.8611,82.4459,83.9557,77.44,79.0509,99.9381
2/6/2009,93.9671,94.3786,114.1024,82.5465,84.0582,77.159,78.764,99.6379
2/13/2009,93.7969,94.2077,113.9095,81.3373,82.8268,76.0359,77.6176,97.9476
2/20/2009,93.3041,93.7127,113.3227,80.1501,81.6178,74.5023,76.0521,95.7923
2/27/2009,92.8587,93.2654,112.7731,80.4276,81.9005,73.8711,75.4077,94.6316
3/6/2009,91.882,92.2844,111.5909,79.543,80.9996,69.8917,71.3456,89.7993
3/13/2009,92.478,92.883,112.3534,81.9033,83.4032,72.2137,73.7159,92.9749
3/20/2009,92.4356,92.8415,112.3021,82.8754,84.393,71.242,72.6998,91.8446
3/27/2009,92.9528,93.4196,113.1105,84.8219,86.8783,72.9358,74.4282,94.9312
4/3/2009,92.7632,93.3337,113.015,86.396,88.9819,73.719,75.6162,97.1596
4/10/2009,93.0331,93.646,113.319,87.1839,89.7933,74.5378,76.9297,98.552
4/17/2009,93.2731,93.8877,113.6388,88.6858,91.3402,75.3531,78.1011,100.0141
4/24/2009,93.4211,94.0367,113.8467,88.4344,91.0813,75.1053,77.8443,99.351
5/1/2009,93.9408,94.5598,114.4179,89.0804,91.7466,78.1934,81.045,103.291
5/8/2009,94.8464,95.4713,115.5207,92.9546,95.7368,81.4343,84.4041,107.4701
5/15/2009,94.2682,94.8894,114.7762,92.1181,94.8753,77.5952,80.425,102.3958
5/22/2009,94.7361,95.3603,115.4356,92.8128,95.5908,79.0419,81.9245,104.9013
5/29/2009,95.115,95.7417,116.0193,93.2647,96.0562,81.2224,84.1845,108.0926
6/5/2009,95.9583,96.5905,116.9699,93.6887,96.4928,84.0047,87.0683,110.6005
6/12/2009,95.8546,96.4861,116.7878,93.7423,96.5481,84.5829,87.6676,110.9373
6/19/2009,95.1013,95.7279,115.8788,92.6252,95.3976,79.8991,82.813,104.7962
6/26/2009,95.1969,95.8249,116.0049,92.6619,95.4576,80.4803,83.3961,105.0352
7/3/2009,95.3082,95.9369,116.1629,93.0369,95.8438,81.3291,84.2757,106.4663
7/10/2009,95.0144,95.6412,115.8044,92.5475,95.3397,80.2305,83.1372,105.2686
7/17/2009,95.6477,96.2786,116.5858,93.5993,96.4232,82.1511,85.1274,107.5382
7/24/2009,96.1972,96.8318,117.2483,95.5458,98.4284,84.15,87.1987,110.4622
7/31/2009,96.5403,97.1772,117.7015,96.2543,99.1583,86.9349,90.0845,114.0487
8/7/2009,96.8085,97.4472,118.0518,97.4526,100.3928,87.6501,90.8257,115.1151
8/14/2009,96.3378,96.9733,117.3973,96.5527,99.4657,84.8438,87.9176,111.1794
8/21/2009,96.457,97.0933,117.5877,96.5224,99.4345,85.8668,88.9777,112.5593
8/28/2009,96.4394,97.0756,117.617,97.0911,100.0203,85.2673,88.3565,111.7499
9/4/2009,96.1971,96.8317,117.3357,97.1154,100.0454,84.4762,87.5368,110.9395
9/11/2009,96.6678,97.3055,117.9109,97.656,100.6023,88.6236,91.8344,116.3829
9/18/2009,97.0402,97.6803,118.3586,99.0998,102.0897,90.7887,94.0779,119.3245
9/25/2009,96.7943,97.4537,118.0621,99.0123,102.1569,91.0611,94.3468,119.7648
10/2/2009,96.4452,97.1547,117.7226,98.9043,102.2445,90.3902,93.7076,118.2773
10/9/2009,96.6747,97.4175,117.9783,100.0583,103.4759,91.811,95.444,120.6729
10/16/2009,96.8897,97.6341,118.2603,99.8964,103.3085,92.9102,96.787,122.4217
10/23/2009,96.8385,97.5824,118.2043,99.5079,102.9067,92.924,96.8014,122.5538
10/30/2009,96.4457,97.1867,117.7351,99.0071,102.3888,90.814,94.6033,119.7984
11/6/2009,96.7218,97.4649,118.1219,99.0226,102.4048,91.6311,95.4545,120.6504
11/13/2009,96.9087,97.6532,118.3177,99.7803,103.1884,92.2671,96.1171,121.7416
11/20/2009,96.7768,97.5203,118.1514,99.6376,103.0408,92.3297,96.1823,121.5522
11/27/2009,96.6277,97.37,117.9859,99.2883,102.6796,91.477,95.294,120.9497
12/4/2009,96.9605,97.7054,118.3748,99.115,102.5004,93.8323,97.7476,123.9823
12/11/2009,97.2435,97.9906,118.7064,99.1948,102.5829,95.3586,99.3375,126.3721
12/18/2009,97.4875,98.2364,119.0094,99.8034,103.2123,97.056,101.1058,128.4393
12/25/2009,97.7639,98.5157,119.3854,100.1283,103.5693,98.7648,102.8957,130.1647
1/1/2010,97.6675,98.4186,119.2173,100.2797,103.726,98.1959,102.3029,129.9733
1/8/2010,98.0249,98.7787,119.6894,101.3089,104.7905,99.6285,103.7955,131.7595
1/15/2010,97.7825,98.5345,119.4149,101.0195,104.4912,99.0106,103.1518,130.912
1/22/2010,97.2451,97.9929,118.7599,100.1564,103.5984,96.3006,100.3284,127.45
1/29/2010,97.2328,97.9805,118.7684,100.0428,103.4809,96.4216,100.4544,127.4615
2/5/2010,97.0365,97.7827,118.5194,99.3804,102.7957,95.5377,99.5336,126.4085
2/12/2010,97.1644,97.9116,118.6818,99.7078,103.1344,94.5633,98.5184,124.9071
2/19/2010,97.5357,98.2858,119.1367,100.1766,103.6193,97.1784,101.2429,128.6359
2/26/2010,97.5265,98.2765,119.1198,100.39,103.84,97.045,101.1039,128.4837
3/5/2010,97.8105,98.5627,119.4859,101.5377,105.0272,99.0096,103.1507,131.191
3/12/2010,97.9287,98.6818,119.6439,102.7129,106.2428,99.6372,103.8046,131.9779
3/19/2010,97.788,98.54,119.4694,102.6975,106.2268,99.2347,103.3852,131.3754
3/26/2010,98.0575,98.8319,119.7478,102.1499,105.8215,99.9376,104.1305,132.4079
4/2/2010,98.022,98.8353,119.8153,102.6602,106.5019,100.2275,104.4765,132.6812
4/9/2010,98.0842,98.9373,119.8862,102.8542,106.7788,101.6861,106.1697,134.8433
4/16/2010,98.0358,98.8885,119.8436,103.2654,107.2057,102.5102,107.2404,136.1621
4/23/2010,97.9565,98.8085,119.7534,103.2985,107.24,103.0862,107.843,136.9748
4/30/2010,97.8401,98.6911,119.6401,102.8467,106.771,102.3588,107.082,135.7635
5/7/2010,96.6109,97.4512,118.1229,99.7856,103.5931,96.995,101.4707,128.6467
5/14/2010,97.1305,97.9753,118.7416,101.621,105.4985,99.1304,103.7047,131.6553
5/21/2010,96.6083,97.4486,118.134,99.4221,103.2157,95.6281,100.0407,126.9031
5/28/2010,96.7568,97.5984,118.3113,100.5994,104.438,97.5216,102.0216,129.5831
6/4/2010,96.404,97.2426,117.8769,100.0433,103.8606,96.307,100.7509,127.6892
6/11/2010,96.4326,97.2714,117.911,100.4129,104.2443,96.3801,100.8275,127.8296
6/18/2010,97.142,97.987,118.7662,101.7136,105.5947,99.883,104.492,132.8646
6/25/2010,96.9766,97.8209,118.5789,101.8963,105.7949,98.7862,103.3582,130.9795
7/2/2010,96.6213,97.4624,118.2301,101.086,104.9537,97.0299,101.5207,129.266
7/9/2010,97.181,98.0271,118.8657,102.3883,106.3058,100.0809,104.7129,132.8298
7/16/2010,97.084,97.9292,118.7871,102.5158,106.4382,99.2862,103.8815,131.9458
7/23/2010,97.402,98.25,119.1765,103.2353,107.1852,100.6999,105.3605,133.4566
7/30/2010,97.512,98.3609,119.2942,104.0634,108.0449,101.3171,106.0063,134.6467
8/6/2010,97.5449,98.3941,119.3755,104.2214,108.2091,101.8335,106.5466,135.2798
8/13/2010,97.3794,98.2272,119.1606,103.5305,107.4917,100.8683,105.5367,134.2226
8/20/2010,97.3658,98.2135,119.1643,103.3077,107.2603,100.9362,105.6078,134.1923
8/27/2010,97.2982,98.1452,119.061,102.3231,106.2381,100.3258,104.9692,133.3056
9/3/2010,97.6307,98.4807,119.4967,103.2934,107.2455,101.6935,106.4002,135.1576
9/10/2010,97.6995,98.5501,119.6079,102.8136,106.7473,102.0028,106.7238,135.6401
9/17/2010,97.6632,98.5135,119.5567,103.2883,107.2402,102.4558,107.1977,136.2937
9/24/2010,97.6712,98.5438,119.6163,103.9443,108.0861,102.6178,107.381,136.6049
10/1/2010,97.9028,98.8294,119.9115,104.3738,108.7254,103.8746,108.7912,138.3862
10/8/2010,98.2689,99.229,120.3546,105.4547,109.8902,105.5877,110.8145,141.0035
10/15/2010,98.177,99.1362,120.2799,105.3786,109.8109,105.6621,111.0253,141.1479
10/22/2010,98.3191,99.2796,120.4415,105.0704,109.4897,106.2541,111.6474,141.9989
10/29/2010,98.4299,99.3916,120.6103,105.3092,109.7385,106.848,112.2715,142.8022
11/5/2010,98.873,99.839,121.146,106.088,110.5501,109.3713,114.9228,146.3513
11/12/2010,98.5026,99.4649,120.7293,105.0971,109.5175,107.2944,112.7406,143.4905
11/19/2010,98.7039,99.6682,120.9307,104.7131,109.1174,107.4997,112.9562,143.6364
11/26/2010,98.4498,99.4116,120.669,104.4347,108.8272,105.811,111.1818,141.4846
12/3/2010,98.6495,99.6132,120.8984,105.142,109.5643,107.9673,113.4476,144.2798
12/10/2010,98.8701,99.836,121.1803,105.0181,109.4351,108.8336,114.3579,145.4848
12/17/2010,98.9216,99.888,121.2357,105.147,109.5695,109.4698,115.0263,146.3363
12/24/2010,98.9801,99.9478,121.3138,105.411,109.8553,109.9805,115.5768,146.9903
12/31/2010,99.0161,99.9842,121.3744,105.6878,110.1438,110.3602,115.9757,147.5091
1/7/2011,98.8777,99.8445,121.2027,105.5396,109.9893,110.3176,115.931,147.4767
1/14/2011,99.136,100.1052,121.5126,105.8577,110.3208,111.4146,117.0838,148.8756
1/21/2011,99.171,100.1406,121.5658,105.8319,110.2939,111.4072,117.076,149.022
1/28/2011,99.0384,100.0068,121.4254,104.8068,109.2257,111.2098,116.8686,148.6317
2/4/2011,99.2624,100.2329,121.6971,105.4857,109.9332,112.2502,117.9619,150.2096
2/11/2011,99.3388,100.31,121.8041,105.0341,109.4625,112.9401,118.6869,151.0722
2/18/2011,99.3773,100.3489,121.86,105.2017,109.6372,113.1136,118.8692,151.3977
2/25/2011,99.2435,100.2138,121.6946,104.9855,109.4119,112.24,117.9512,150.2025
3/4/2011,99.234,100.2042,121.6935,105.5468,109.9969,112.2473,117.9589,150.0804
3/11/2011,99.1391,100.1084,121.5712,105.6372,110.0911,111.7678,117.455,149.5108
3/18/2011,99.1436,100.1129,121.5853,105.5881,110.0399,111.6417,117.3225,149.2992
3/25/2011,99.2793,100.2707,121.7522,106.155,110.7983,112.3073,118.0357,150.1612
4/1/2011,99.3268,100.3686,121.8393,106.4791,111.3324,112.6599,118.4983,151.1929
4/8/2011,99.3568,100.4288,121.8966,106.8514,111.7609,112.8034,118.8784,151.7104
4/15/2011,99.356,100.428,121.8964,106.5548,111.4506,112.4251,118.6173,151.1243
4/22/2011,99.4171,100.4897,121.9641,106.476,111.3682,112.7036,118.9112,151.6197
4/29/2011,99.6042,100.6789,122.324,106.5433,111.4386,113.3397,119.5823,152.9121
5/6/2011,99.5843,100.6587,122.1859,106.4605,111.352,113.0242,119.2494,152.031
5/13/2011,99.648,100.7231,122.2711,106.5555,111.4513,113.3435,119.5863,152.4555
5/20/2011,99.6482,100.7234,122.2686,106.6083,111.5066,112.8479,119.0635,151.7772
5/27/2011,99.628,100.7029,122.2666,106.1268,111.0029,112.7143,118.9225,151.6499
6/3/2011,99.4566,100.5296,122.0612,106.1887,111.0677,111.7104,117.8633,150.3271
6/10/2011,99.2684,100.3395,121.8284,106.1216,110.9975,110.2987,116.3738,148.4526
6/17/2011,99.2645,100.3355,121.8274,105.7557,110.6149,110.3993,116.48,148.601
6/24/2011,99.2138,100.2851,121.7695,105.5975,110.4604,110.1864,116.2699,148.1979
7/1/2011,99.7624,100.8395,122.425,107.0504,111.9801,113.4409,119.7041,152.5807
7/8/2011,99.6531,100.7291,122.2955,106.8544,111.775,112.9674,119.2044,151.9861
7/15/2011,99.4491,100.5228,122.0801,106.3905,111.2898,111.5868,117.7476,150.0881
7/22/2011,99.6793,100.7556,122.3636,106.8585,111.7794,112.9257,119.1604,151.9142
7/29/2011,99.5486,100.6234,122.2143,106.903,111.826,111.6143,117.7766,150.2453
8/5/2011,99.2397,100.3112,121.8248,105.3464,110.1976,107.8916,113.8484,145.1383
8/12/2011,98.6961,99.7617,121.1512,104.2835,109.0858,105.0259,110.8245,141.1918
8/19/2011,98.3831,99.4453,120.8087,104.2934,109.0961,103.296,108.999,139.1078
8/26/2011,98.2527,99.3135,120.6644,103.282,108.0381,102.4645,108.1217,137.7694
9/2/2011,98.5066,99.5702,120.9717,104.1774,108.9749,104.7195,110.5011,140.9004
9/9/2011,98.0582,99.117,120.4041,103.024,107.7683,102.3841,108.0368,137.6984
9/16/2011,98.3633,99.4253,120.7664,103.8601,108.6429,105.1469,110.9521,141.3888
9/23/2011,98.0245,99.0975,120.3912,101.1964,106.0356,103.1294,108.8389,138.7465
9/30/2011,97.8278,98.9671,120.2008,100.888,105.9896,101.6752,107.3809,136.6184
10/7/2011,98.0536,99.2533,120.5687,102.0715,107.3566,102.6835,108.8388,138.341
10/14/2011,98.5222,99.7276,121.1319,104.3077,109.7086,105.9852,112.6132,143.1886
10/21/2011,98.4849,99.6898,121.0787,103.7151,109.0854,106.3517,113.0026,143.5432
10/28/2011,99.3323,100.5476,122.1404,106.1623,111.6593,111.0739,118.0201,149.7593
11/4/2011,98.9125,100.1227,121.6407,105.2697,110.7204,108.7626,115.5643,146.7926
11/11/2011,98.63,99.8367,121.2954,104.3435,109.7463,106.3662,113.0181,143.7461
11/18/2011,98.3709,99.5745,120.9649,103.358,108.7098,105.2243,111.8047,142.1854
11/25/2011,97.9234,99.1215,120.3494,102.481,107.7873,102.759,109.1852,138.2818
12/2/2011,98.8962,100.1061,121.6397,104.6948,110.1158,107.4155,114.133,145.0927
12/9/2011,99.0901,100.3025,121.8738,105.0166,110.4542,107.9443,114.6949,145.8384
12/16/2011,98.6797,99.887,121.3661,104.1807,109.5751,105.1633,111.7399,141.9349
12/23/2011,99.1511,100.3649,121.9482,104.3683,109.784,107.7857,114.5282,145.4143
12/30/2011,99.2489,100.464,122.0712,104.5821,110.0089,108.24,115.0109,146.1881
1/6/2012,99.2702,100.4855,122.1288,104.3856,109.8023,109.0245,115.8445,147.3019
1/13/2012,99.4823,100.7002,122.3896,104.6114,110.0398,109.4771,116.3254,147.8558
1/20/2012,99.9625,101.1863,122.9829,105.7413,111.2282,112.2763,119.2998,151.8032
1/27/2012,100.2489,101.4762,123.3446,106.5015,112.0279,113.8857,121.0098,153.9041
2/3/2012,100.5461,101.777,123.7208,107.3354,112.9051,115.3245,122.5386,156.0273
2/10/2012,100.3609,101.5896,123.4912,106.9558,112.5058,113.5075,120.6079,153.4406
2/17/2012,100.3899,101.6189,123.5351,107.3984,112.9714,113.7584,120.8745,153.9933
2/24/2012,100.5326,101.7633,123.721,107.6294,113.2144,114.0758,121.2118,154.2956
3/2/2012,100.6441,101.8763,123.8641,108.3526,113.9751,113.9738,121.1035,154.0626
3/9/2012,100.5818,101.8132,123.7932,108.3716,113.9951,113.1224,120.1987,153.0531
3/16/2012,100.9227,102.1583,124.2299,109.1959,114.8621,114.6798,121.8535,155.1586
3/23/2012,101.0641,102.3123,124.4231,108.7548,114.5319,114.775,121.9606,155.1227
3/30/2012,101.0513,102.3502,124.4403,108.476,114.4425,114.6227,121.8547,155.0837
4/6/2012,100.7739,102.1099,123.9433,107.9748,113.9951,113.6615,121.058,153.0238
4/13/2012,100.5504,101.8834,123.8512,107.583,113.5814,112.2366,119.7824,152.1876
4/20/2012,100.6711,102.0057,124.003,107.6379,113.6393,112.342,119.9562,152.4502
4/27/2012,100.9608,102.2992,124.3821,108.2432,114.2784,114.6216,122.3903,155.5093
5/4/2012,100.7633,102.0991,124.1383,108.6108,114.6666,113.9814,121.7067,154.4733
5/11/2012,100.3044,101.6341,123.5829,107.6351,113.6364,112.6211,120.2542,152.6378
5/18/2012,99.6144,100.935,122.7425,105.5754,111.4619,109.1227,116.5187,148.1363
5/25/2012,99.9169,101.2415,123.1154,105.514,111.397,111.5633,119.1247,151.4639
6/1/2012,99.4937,100.8127,122.5913,104.3661,110.1851,109.6484,117.08,148.8454
6/8/2012,99.8176,101.141,123.0047,106.1857,112.1062,111.7206,119.2927,151.3763
6/15/2012,99.9679,101.2932,123.1846,107.0915,113.0625,112.1622,119.7643,152.2391
6/22/2012,100.1026,101.4304,123.3632,107.0252,113.0043,113.2155,120.8949,153.6017
6/29/2012,100.2687,101.5988,123.5751,107.2938,113.2879,114.4121,122.1727,155.2907
7/6/2012,100.2693,101.5994,123.5735,107.7221,113.7402,114.3963,122.1558,155.1271
7/13/2012,100.3324,101.6633,123.6633,108.6727,114.7439,114.6842,122.4632,155.563
7/20/2012,100.3861,101.7177,123.7391,108.5782,114.6441,114.6326,122.4081,155.6561
7/27/2012,100.7019,102.0377,124.1335,109.4493,115.5638,115.9452,123.8098,157.428
8/3/2012,100.7862,102.1232,124.2517,109.4665,115.5821,116.3984,124.2936,157.9942
8/10/2012,100.8552,102.193,124.3405,109.3549,115.4642,116.8674,124.7944,158.7613
8/17/2012,101.0055,102.3453,124.5292,109.572,115.6934,117.4042,125.3677,159.5282
8/24/2012,100.9816,102.3211,124.4587,109.4744,115.5904,117.1901,125.139,159.0899
8/31/2012,100.9483,102.2874,124.4601,109.6518,115.7777,117.5688,125.5435,159.6554
9/7/2012,101.3759,102.7207,125.0048,111.1913,117.4032,119.7705,127.8945,162.6331
9/14/2012,101.8565,103.2076,125.6078,112.3238,118.599,122.5124,130.8223,166.4145
9/21/2012,101.6717,103.0212,125.3885,111.8842,118.1881,121.9732,130.2623,165.7738
9/28/2012,101.5376,102.9266,125.238,111.2897,117.7684,120.7574,128.9639,164.377
10/5/2012,101.726,103.1689,125.5244,111.7898,118.4647,121.7323,130.2114,165.7275
10/12/2012,101.6088,103.0604,125.3662,111.4996,118.1571,120.6857,129.2984,164.3546
10/19/2012,101.8421,103.297,125.6584,111.902,118.5836,121.8983,130.7008,165.958
10/26/2012,101.6407,103.0928,125.424,111.1554,117.7924,120.333,129.0224,163.8664
11/2/2012,101.6857,103.1384,125.4841,110.6122,117.2167,120.6714,129.3853,164.4435
11/9/2012,101.2511,102.6976,124.9476,110.7782,117.3927,118.8192,127.3993,161.9409
11/16/2012,101.1313,102.5761,124.8118,110.1704,116.7486,118.2884,126.8303,161.0807
11/23/2012,101.6525,103.1047,125.4491,110.5869,117.19,121.0853,129.8291,165.0457
11/30/2012,101.7138,103.1668,125.5391,111.013,117.6415,121.7529,130.5449,165.8278
12/7/2012,101.8152,103.2697,125.6668,111.964,118.6493,122.5688,131.4197,167.1236
12/14/2012,101.9196,103.3756,125.8085,112.5044,119.222,122.9942,131.8758,167.7005
12/21/2012,102.0473,103.5059,125.9568,112.4668,119.1937,123.4487,132.3791,168.2775
12/28/2012,101.8741,103.3303,125.7453,112.5355,119.2664,122.2283,131.0705,166.5961
1/4/2013,102.4417,103.9059,126.4635,113.456,120.2421,125.2975,134.3616,170.7044
1/11/2013,102.3816,103.845,126.4,112.3675,119.0884,125.334,134.4007,170.8729
1/18/2013,102.395,103.8585,126.4115,112.4746,119.2019,125.714,134.8083,171.2493
1/25/2013,102.5231,103.9885,126.5874,112.6168,119.3526,126.2823,135.4177,172.2495
2/1/2013,102.4731,103.9378,126.5229,111.7973,118.4841,126.1473,135.2729,172.002
2/8/2013,102.3447,103.8075,126.3727,111.9851,118.6831,125.5412,134.623,171.1302
2/15/2013,102.474,103.9387,126.5317,111.8451,118.5348,126.1457,135.2712,172.0264
2/22/2013,102.5137,103.979,126.5879,111.7523,118.4364,126.3869,135.5298,172.4031
3/1/2013,102.5401,104.0057,126.6152,111.4197,118.0839,126.6553,135.8176,172.6755
3/8/2013,102.8254,104.2951,126.9911,111.7987,118.4856,128.2418,137.5189,174.924
3/15/2013,102.9311,104.4023,127.1178,111.6805,118.3604,128.9596,138.2887,175.9242
3/22/2013,102.815,104.2853,126.9929,110.9414,117.675,128.7314,138.0596,175.6766
3/29/2013,102.8019,104.3135,127.0126,110.3394,117.2139,128.6728,137.9968,175.6871
4/5/2013,102.9933,104.5492,127.2788,111.0026,118.0968,129.1028,138.6178,176.2959
4/12/2013,103.2508,104.8313,127.6146,112.5931,119.789,130.5924,140.4845,178.5421
4/19/2013,103.1798,104.7592,127.5301,111.8027,118.9481,130.2001,140.1691,178.0761
4/26/2013,103.4781,105.0621,127.9195,111.8913,119.0423,131.7188,141.8041,180.1627
5/3/2013,103.8427,105.4323,128.3577,112.3725,119.5543,133.5905,143.8191,182.5684
5/10/2013,103.8274,105.4168,128.3464,112.2998,119.4769,133.7878,144.0316,182.9535
5/17/2013,103.9276,105.5185,128.4633,111.7097,118.8491,134.4005,144.6912,183.817
5/24/2013,103.6661,105.253,128.1544,111.1031,118.2037,132.7874,142.9546,181.5955
5/31/2013,103.4986,105.0829,127.9422,110.3776,117.4319,131.6717,141.7534,180.1719
6/7/2013,103.428,105.0113,127.8746,109.2241,116.2046,131.1002,141.1382,179.3861
6/14/2013,103.3303,104.9121,127.746,109.3028,116.2883,130.7,140.7073,178.8129
6/21/2013,102.8332,104.4081,127.133,105.7326,112.5027,128.0704,137.8933,175.2608
6/28/2013,103.1588,104.7387,127.5593,108.5117,115.4598,129.6688,139.6143,177.1801
7/5/2013,103.2215,104.8024,127.6378,107.336,114.2088,129.9612,139.9291,177.6321
7/12/2013,103.6577,105.2453,128.1775,108.5873,115.5402,133.1326,143.3437,182.1159
7/19/2013,103.9328,105.5246,128.5355,110.6471,117.7319,134.634,144.9603,184.1214
7/26/2013,103.8604,105.451,128.438,109.5946,116.6119,133.9995,144.2771,183.4334
8/2/2013,103.9577,105.5499,128.5642,109.8569,116.8911,134.2276,144.5227,183.6074
8/9/2013,103.8545,105.4451,128.4407,109.9401,116.9796,133.3991,143.6307,182.4883
8/16/2013,103.5682,105.1544,128.0905,109.056,116.0389,132.0681,142.1976,180.7226
8/23/2013,103.7062,105.2945,128.2595,108.9099,115.8834,133.0328,143.2363,181.9742
8/30/2013,103.4867,105.0717,127.9968,107.7569,114.6566,132.1912,142.3301,180.876
9/6/2013,103.5946,105.1812,128.1312,108.6391,115.5953,132.6682,142.8437,181.4595
9/13/2013,103.8366,105.4269,128.4427,109.833,116.8657,134.1771,144.4683,183.5729
9/20/2013,104.1487,105.7446,128.8153,111.2483,118.384,135.5477,145.9603,185.4705
9/27/2013,104.0912,105.7175,128.7783,109.6185,116.894,135.1689,145.5524,184.8616
10/4/2013,104.1534,105.833,128.9005,109.9813,117.5385,136.0319,146.6479,186.0229
10/11/2013,104.2997,106.0027,129.099,110.5439,118.1397,136.8322,147.7898,187.3035
10/18/2013,104.6037,106.3116,129.4766,111.5249,119.1881,138.4482,149.647,189.5769
10/25/2013,104.5927,106.3004,129.4689,111.392,119.0461,138.4509,149.6498,189.5338
11/1/2013,104.5203,106.2269,129.3809,110.6746,118.2794,137.8943,149.0482,188.8284
11/8/2013,104.6266,106.3349,129.5163,109.6517,117.1862,138.3811,149.5744,189.557
11/15/2013,104.7172,106.4269,129.6337,110.4017,117.9877,138.7637,149.9879,190.0654
11/22/2013,104.8155,106.5269,129.7673,110.3134,117.8934,139.1703,150.4275,190.5739
11/29/2013,104.7821,106.4929,129.7294,110.1747,117.7451,139.3173,150.5863,190.8804
12/6/2013,104.8012,106.5124,129.7452,110.2829,117.8608,139.3772,150.651,190.9282
12/13/2013,104.7855,106.4963,129.7339,111.0607,118.6921,139.351,150.6228,190.885
12/20/2013,105.0702,106.7865,130.0885,111.517,119.192,140.8324,152.2403,192.9372
12/27/2013,105.1469,106.8645,130.1816,111.334,118.9963,141.3458,152.7953,193.6118
1/3/2014,105.1854,106.9036,130.2424,111.3161,118.9772,141.4546,152.9128,193.7849
1/10/2014,105.1351,106.8525,130.1903,111.1092,118.756,141.5474,153.0132,193.9643
1/17/2014,105.0884,106.805,130.1304,110.6226,118.236,141.2566,152.6989,193.5298
1/24/2014,104.7408,106.4518,129.7112,108.513,115.9812,139.33,150.6162,190.9184
1/31/2014,104.8096,106.5217,129.7964,108.586,116.0591,139.5224,150.8242,191.0976
2/7/2014,105.024,106.7395,130.0624,109.4281,116.9593,140.7525,152.154,192.8395
2/14/2014,105.2133,106.9319,130.2962,109.1175,116.6273,141.7082,153.187,194.1906
2/21/2014,105.1716,106.8896,130.2557,109.7311,117.2831,141.429,152.8852,193.8121
2/28/2014,105.2639,106.9834,130.3694,110.4401,118.0409,142.1773,153.6942,194.8293
3/7/2014,105.2762,106.9959,130.3869,110.3125,117.9045,142.0599,153.5672,194.6735
3/14/2014,105.0981,106.8148,130.1777,109.5138,117.0508,141.0107,152.433,193.2333
3/21/2014,105.3748,107.0969,130.532,110.0718,117.715,142.2388,153.7769,194.9204
3/28/2014,105.3675,107.1317,130.571,110.8854,118.845,142.2389,153.777,194.9689
4/4/2014,105.5233,107.3427,130.8167,111.8564,120.0883,142.5935,154.3887,195.6617
4/11/2014,105.4039,107.2318,130.6688,111.9274,120.1646,141.3663,153.3447,194.1405
4/18/2014,105.5049,107.3346,130.8051,112.1305,120.3826,142.0714,154.167,195.0904
4/25/2014,105.5544,107.3849,130.8683,111.2602,119.4482,141.9212,154.0041,194.9591
5/2/2014,105.7212,107.5546,131.0846,112.0729,120.3207,142.1493,154.2516,195.2543
5/9/2014,105.7607,107.5948,131.1393,112.7246,121.0204,142.4574,154.5859,195.6637
5/16/2014,105.7251,107.5586,131.0998,112.7337,121.0301,142.3262,154.4435,195.4642
5/23/2014,105.8172,107.6523,131.216,113.1956,121.526,142.6428,154.7871,195.9633
5/30/2014,105.8863,107.7225,131.3128,114.0232,122.4146,143.2541,155.4504,196.8456
6/6/2014,106.1528,107.9937,131.6503,114.5653,122.9966,144.2683,156.5509,198.1953
6/13/2014,106.0267,107.8654,131.4939,114.1362,122.5359,143.7594,155.9987,197.5298
6/20/2014,106.1937,108.0361,131.6994,114.6682,123.1195,144.5901,156.9049,198.6644
6/27/2014,106.1654,108.0073,131.6748,114.8265,123.2894,144.4008,156.6995,198.3951
7/4/2014,106.2926,108.1368,131.8054,114.8429,123.307,144.9071,157.2489,199.0274
7/11/2014,106.1589,108.0007,131.6649,115.3936,123.8984,144.2813,156.5697,198.2889
7/18/2014,106.1567,107.9984,131.6534,114.7941,123.2546,143.9192,156.1768,197.6886
7/25/2014,106.1191,107.9602,131.6227,114.4309,122.8646,143.473,155.6927,197.1427
8/1/2014,105.7791,107.6143,131.204,112.9212,121.2437,141.6448,153.7087,194.611
8/8/2014,105.8916,107.7287,131.3605,112.1859,120.4542,142.5118,154.6496,195.8503
8/15/2014,106.1562,107.998,131.688,113.2802,121.6292,143.7122,155.9522,197.5267
8/22/2014,106.2532,108.0966,131.8112,113.1467,121.4858,144.2457,156.5311,198.2558
8/29/2014,106.3207,108.1653,131.8963,113.0713,121.4049,144.5291,156.8386,198.7114
9/5/2014,106.3589,108.2042,131.938,112.786,121.0985,144.3738,156.6701,198.4567
9/12/2014,106.1774,108.0195,131.7351,111.5725,119.7956,143.2391,155.4388,196.8172
9/19/2014,106.3765,108.2221,131.9844,111.3654,119.5732,144.0662,156.3364,198.0749
9/26/2014,106.0084,107.8484,131.5242,111.3073,119.4996,142.2379,154.3696,195.5245
10/3/2014,106.2826,108.1274,131.8643,110.6149,118.7563,143.9478,156.2253,197.9037
10/10/2014,106.0564,107.9184,131.5712,110.4815,118.8163,142.1008,154.2208,195.2032
10/17/2014,106.1272,108.0331,131.6989,110.5708,119.1293,142.9425,155.3105,196.4266
10/24/2014,106.3963,108.3495,132.0576,110.9622,119.6544,144.6312,157.4389,198.9849
10/31/2014,106.4724,108.427,132.1563,111.9159,120.6828,144.8098,157.7505,199.4116
11/7/2014,106.3986,108.3519,132.0609,110.3546,118.9992,144.962,157.9163,199.5412
11/14/2014,106.4115,108.365,132.0847,109.7227,118.3178,144.9345,157.8862,199.4496
11/21/2014,106.5168,108.4723,132.2185,110.6022,119.2661,145.1382,158.1082,199.7468
11/28/2014,106.6614,108.6195,132.3915,110.4401,119.0914,145.7626,158.7883,200.6027
12/5/2014,106.6043,108.5614,132.3329,108.8167,117.3408,145.2465,158.2262,199.9891
12/12/2014,106.1167,108.0648,131.7294,104.8476,113.0608,142.2304,154.9406,195.8366
12/19/2014,106.5309,108.4866,132.268,107.9993,116.4594,145.2202,158.1975,199.9158
12/26/2014,106.5418,108.4985,132.301,108.0012,116.465,145.3566,158.3636,200.4731
1/2/2015,106.4325,108.3873,132.1395,106.9371,115.3175,144.7097,157.6588,199.172
1/9/2015,106.3256,108.2784,132.0188,105.5383,113.8092,144.2506,157.1586,198.76
1/16/2015,106.2151,108.1658,131.8893,105.2421,113.4898,143.8331,156.7038,198.1415
1/23/2015,106.4456,108.4006,132.1691,105.7018,113.9854,145.2018,158.1949,199.8096
1/30/2015,106.3213,108.274,132.0279,104.5601,112.7542,144.4965,157.4265,198.9032
2/6/2015,106.5536,108.5106,132.3081,105.8961,114.195,145.7964,158.8427,200.6457
2/13/2015,106.6279,108.5862,132.4139,106.4935,114.8392,146.3147,159.4073,201.2886
2/20/2015,106.7014,108.661,132.5102,105.9348,114.2366,146.0696,159.1404,201.1077
2/27/2015,106.8279,108.7899,132.6728,106.2056,114.5287,146.6133,159.7327,201.8341
3/6/2015,106.803,108.7645,132.6369,105.4327,113.6953,146.0139,159.0797,201.0853
3/13/2015,106.6301,108.5884,132.4308,104.2175,112.3849,145.0365,158.0148,199.8211
3/20/2015,106.822,108.7846,132.6714,105.6978,113.9847,146.1938,159.2687,201.4399
3/27/2015,106.7213,108.7141,132.5866,105.482,114.1153,146.1408,159.2109,201.359
4/3/2015,106.8212,108.8587,132.7204,105.8825,114.8387,146.8139,160.0629,202.3015
4/10/2015,106.9134,108.9847,132.8887,106.4223,115.4939,147.5713,161.1261,203.528
4/17/2015,106.784,108.8528,132.7346,106.1392,115.1867,146.8812,160.6096,202.6816
4/24/2015,106.9192,108.9906,132.9081,106.9342,116.0494,147.4473,161.2286,203.5308
5/1/2015,106.8426,108.9125,132.8126,106.4477,115.5214,147.2257,160.9863,203.1929
5/8/2015,106.8413,108.9112,132.8201,107.1158,116.2465,147.3552,161.1279,203.3834
5/15/2015,106.8818,108.9525,132.8785,107.2995,116.4459,147.449,161.2305,203.5731
5/22/2015,106.8336,108.9034,132.8113,107.7432,116.9273,147.3586,161.1316,203.386
5/29/2015,106.836,108.9058,132.8314,107.2178,116.3571,147.5012,161.2875,203.6361
6/5/2015,106.697,108.7642,132.6516,106.1328,115.1796,146.8658,160.5927,202.6622
6/12/2015,106.6775,108.7443,132.6391,106.2111,115.2647,146.5282,160.2236,202.1785
6/19/2015,106.6614,108.7278,132.6346,106.59,115.6758,146.4081,160.0923,202.0492
6/26/2015,106.7111,108.7794,132.6871,106.8563,115.9685,146.4983,160.2092,202.2568
7/3/2015,106.6983,108.7662,132.6675,106.9713,116.0933,146.1985,159.8812,201.9431
7/10/2015,106.6498,108.7168,132.6292,107.1612,116.2994,146.164,159.8435,201.8586
7/17/2015,106.8519,108.9229,132.8756,107.3719,116.5281,146.9586,160.7125,202.882
7/24/2015,106.5601,108.6254,132.5179,106.2188,115.2766,145.5206,159.14,200.9919
7/31/2015,106.6385,108.7053,132.6341,106.4588,115.5371,146.2164,159.9009,202.0341
8/7/2015,106.4235,108.4861,132.3594,105.5365,114.5362,145.0836,158.662,200.4086
8/14/2015,106.3787,108.4404,132.3167,105.3338,114.3162,144.8543,158.4112,200.0888
8/21/2015,106.0882,108.1444,131.9579,103.7561,112.6039,143.0387,156.4258,197.5561
8/28/2015,106.2267,108.2855,132.1287,105.3785,114.3647,144.8692,158.4276,200.1112
9/4/2015,106.0934,108.1497,131.9746,104.7781,113.7131,143.5744,157.0116,198.297
9/11/2015,106.2858,108.3458,132.2108,105.0754,114.0357,144.9599,158.5267,200.3048
9/18/2015,106.3614,108.4228,132.3171,105.8089,114.8318,145.0067,158.5779,200.326
9/25/2015,106.0981,108.1767,131.9752,103.7178,112.8706,143.6467,157.0965,198.6121
10/2/2015,105.8896,108.0179,131.7113,104.3963,114.0104,143.0815,156.6016,197.6602
10/9/2015,106.4665,108.6387,132.4547,106.1929,116.0438,146.0234,160.1311,202.1985
10/16/2015,106.4944,108.6672,132.4998,106.4438,116.318,146.2996,160.6199,202.6937
10/23/2015,106.7122,108.8894,132.8103,106.647,116.54,147.3641,161.7885,204.2341
10/30/2015,106.6547,108.8308,132.7209,106.6237,116.5145,147.5538,161.9969,204.4588
11/6/2015,106.6381,108.8139,132.6926,107.1284,117.0661,147.2473,161.6603,204.0209
11/13/2015,106.3401,108.5097,132.3333,106.2343,116.089,145.1276,159.3331,201.1231
11/20/2015,106.4137,108.5848,132.4259,107.489,117.4601,145.9303,160.2144,202.1914
11/27/2015,106.431,108.6025,132.4529,107.1316,117.0696,146.5293,160.8721,203.0621
12/4/2015,106.5739,108.7483,132.6374,106.3167,116.1791,147.2045,161.6134,203.9933
12/11/2015,105.8706,108.0306,131.7447,104.6125,114.3168,142.5455,156.4983,197.5077
12/18/2015,105.9428,108.1044,131.8555,105.518,115.3063,143.1876,157.2032,198.3833
12/25/2015,106.2392,108.4075,132.2332,105.7884,115.5997,145.5567,159.8244,201.6194
1/1/2016,106.3233,108.4934,132.3436,105.6719,115.4725,145.975,160.2837,202.025
1/8/2016,105.8321,107.9922,131.746,104.7352,114.4489,143.1146,157.143,198.2733
1/15/2016,105.3161,107.4657,131.1566,103.8159,113.4442,141.4077,155.2688,196.1484
1/22/2016,105.608,107.7635,131.5134,105.0546,114.7978,143.2643,157.3074,198.5947
1/29/2016,105.7453,107.9036,131.7361,105.3527,115.1236,144.4457,158.6046,200.4829
2/5/2016,105.1334,107.2792,130.9449,104.9642,114.699,142.1054,156.0348,197.0187
2/12/2016,104.8139,106.9532,130.5545,104.1412,113.7997,140.9892,154.8092,195.4923
2/19/2016,105.0134,107.1567,130.8067,105.2743,115.0379,142.1344,156.0667,197.1409
2/26/2016,105.4204,107.5721,131.3472,105.6194,115.4151,143.652,157.733,199.2099
3/4/2016,106.1514,108.318,132.308,106.9981,116.9216,146.9545,161.3593,204.1548
3/11/2016,106.7786,108.958,133.0493,108.0261,118.0449,149.4294,164.0767,207.3223
3/18/2016,106.694,108.8717,132.9406,108.9166,119.018,149.8917,164.5844,207.8926
3/25/2016,106.2254,108.4052,132.5957,108.3425,118.5783,148.6408,163.2301,206.1806
4/1/2016,106.6716,108.9037,133.1481,108.6334,119.1423,150.219,165.0272,208.6388
4/8/2016,106.2898,108.5678,132.7369,107.6483,118.2514,149.1943,164.2218,207.4335
4/15/2016,106.4141,108.6947,132.8978,109.0327,119.7722,150.0412,165.411,208.8648
4/22/2016,106.8054,109.0944,133.4003,109.0775,119.8214,151.4514,166.9656,210.9048
4/29/2016,106.5916,108.876,133.1522,109.1169,119.8647,150.7475,166.1896,209.991
5/6/2016,106.2072,108.4834,132.6727,108.7851,119.5002,148.9153,164.1697,207.3981
5/13/2016,106.3308,108.6097,132.8501,108.8061,119.5232,149.7103,165.0462,208.5662
5/20/2016,106.312,108.5904,132.7996,108.2959,118.9628,149.4797,164.7919,208.1124
5/27/2016,106.7034,108.9902,133.344,108.6804,119.3852,151.2084,166.6977,210.7003
6/3/2016,106.6772,108.9634,133.3117,109.0817,119.826,151.0749,166.5506,210.5099
6/10/2016,106.6226,108.9077,133.2454,109.0334,119.7729,151.3984,166.9072,210.9478
6/17/2016,106.4404,108.7216,133.0344,108.6389,119.3396,150.443,165.854,209.701
6/24/2016,106.2446,108.5224,132.8129,108.6284,119.3316,150.0961,165.491,209.2872
7/1/2016,106.7951,109.0847,133.4354,110.4821,121.368,152.6829,168.3432,212.5077
7/8/2016,106.9917,109.2854,133.7608,110.9127,121.841,153.7072,169.4725,214.2254
7/15/2016,107.0433,109.3382,133.8517,111.3339,122.3038,154.7688,170.6431,215.8025
7/22/2016,107.1332,109.43,133.9582,111.4193,122.3975,155.1884,171.1057,216.3506
7/29/2016,107.0779,109.3735,133.8984,110.9521,121.8843,154.8049,170.6829,215.8021
8/5/2016,107.1619,109.4593,134.0161,111.7109,122.7179,155.1231,171.0337,216.2147
8/12/2016,107.1274,109.4241,133.9974,112.0878,123.1319,155.4582,171.4032,216.7433
8/19/2016,107.1979,109.4961,134.0931,112.198,123.253,156.0246,172.0277,217.6008
8/26/2016,107.1407,109.4377,134.0309,112.1188,123.1659,155.5287,171.4809,216.8975
9/2/2016,107.1345,109.4313,134.0392,112.1614,123.2127,155.75,171.725,217.2817
9/9/2016,106.9718,109.2652,133.8515,112.0786,123.1218,154.7301,170.6004,215.8773
9/16/2016,106.9922,109.286,133.8857,111.3802,122.3546,154.7031,170.5706,215.7892
9/23/2016,107.2446,109.5555,134.2639,112.4496,123.6908,156.2907,172.3413,218.0677
9/30/2016,107.3428,109.71,134.45,112.1949,123.6744,157.1396,173.3434,219.4062
10/7/2016,107.3713,109.7824,134.4782,112.2345,123.8236,157.1308,173.6645,219.4011
10/14/2016,107.3231,109.7331,134.4382,111.8988,123.4532,156.8444,173.6129,219.2287
10/21/2016,107.4355,109.848,134.5965,112.5098,124.1273,157.4768,174.3128,220.1464
10/28/2016,107.2461,109.6544,134.3776,112.1796,123.763,156.1759,172.8728,218.3793
11/4/2016,107.0921,109.4969,134.19,111.6487,123.1773,155.3294,171.9359,217.1572
11/11/2016,107.3863,109.7977,134.571,110.7003,122.131,156.5458,173.2823,218.9456
11/18/2016,107.3358,109.7461,134.5232,110.3612,121.7568,156.7231,173.4785,219.1414
11/25/2016,107.5418,109.9567,134.7885,110.7719,122.2099,158.4474,175.3872,221.5948
12/2/2016,107.5657,109.9811,134.8307,110.7863,122.2258,158.8002,175.7778,222.0751
12/9/2016,107.8817,110.3042,135.2518,112.0175,123.5842,161.1427,178.3707,225.3501
12/16/2016,107.7858,110.2062,135.1568,112.154,123.7347,160.8122,178.0049,224.9517
12/23/2016,107.912,110.336,135.3473,112.3672,123.9736,161.4723,178.7552,225.9007
12/30/2016,107.8787,110.3019,135.319,112.6472,124.2825,161.4979,178.7836,226.0365
1/6/2017,108.0643,110.4917,135.5659,113.2713,124.971,162.4094,179.7926,227.354
1/13/2017,108.0074,110.4335,135.5073,113.0609,124.7388,162.0215,179.3633,226.7843
1/20/2017,108.0159,110.4422,135.5403,112.9315,124.5962,162.1522,179.508,226.8886
1/27/2017,108.1154,110.544,135.6855,113.1972,124.8892,162.8527,180.2834,227.9041
2/3/2017,108.1471,110.5764,135.7557,113.8053,125.5602,163.0781,180.5329,228.5616
2/10/2017,108.1291,110.5579,135.7445,114.0019,125.777,163.2046,180.673,228.6197
2/17/2017,108.1859,110.616,135.828,113.9557,125.726,163.3609,180.846,228.8156
2/24/2017,108.2492,110.6808,135.9342,114.3555,126.1672,163.7439,181.2701,229.4169
3/3/2017,108.3922,110.827,136.1389,114.8069,126.6652,164.6009,182.2188,230.6942
3/10/2017,108.1725,110.6024,135.8838,114.3507,126.1619,162.9233,180.3616,228.4188
3/17/2017,108.3466,110.7804,136.1451,114.9848,126.8615,163.7738,181.3031,229.6531
3/24/2017,108.4354,110.8938,136.2288,115.1622,127.2747,163.6865,181.2159,229.5823
3/31/2017,108.4725,110.9863,136.3467,115.1142,127.489,164.8043,182.589,231.1859
4/7/2017,108.519,111.0666,136.4317,115.2695,127.7147,164.8682,182.9992,231.5718
4/14/2017,108.4126,110.9576,136.3128,115.204,127.6365,164.3189,182.5929,230.8772
4/21/2017,108.4611,111.0073,136.419,115.5493,128.0248,164.416,182.7008,231.1766
4/28/2017,108.642,111.1925,136.6801,116.2051,128.7514,165.829,184.271,233.2476
5/5/2017,108.762,111.3152,136.8449,116.3265,128.8858,165.9679,184.4253,233.4058
5/12/2017,108.7362,111.2889,136.844,116.3491,128.9108,166.043,184.5088,233.5741
5/19/2017,108.713,111.2651,136.8306,116.2212,128.7692,165.8244,184.2659,233.2674
5/26/2017,108.7946,111.3487,136.961,116.518,129.098,166.3339,184.832,234.026
6/2/2017,108.9297,111.4869,137.164,116.6031,129.1923,166.8295,185.3827,234.7818
6/9/2017,108.9017,111.4583,137.1508,116.5022,129.0806,166.5817,185.1074,234.462
6/16/2017,108.8712,111.427,137.147,116.4039,128.9716,166.204,184.6877,233.9922
6/23/2017,108.9411,111.4994,137.2698,116.3834,128.9525,166.1258,184.6211,234.001
6/30/2017,108.9447,111.503,137.3022,116.2433,128.7973,166.0014,184.4828,233.8414
7/7/2017,108.8987,111.456,137.2757,116.0716,128.607,165.8378,184.301,233.6388
7/14/2017,109.0843,111.6459,137.5528,116.6596,129.2585,167.1792,185.7917,235.6202
7/21/2017,109.1666,111.7302,137.6842,116.8356,129.4535,167.4802,186.1263,236.0813
7/28/2017,109.1453,111.7084,137.685,116.9662,129.5982,167.7155,186.3878,236.4597
8/4/2017,109.1606,111.7241,137.7288,117.2761,129.9416,167.7976,186.479,236.5939
8/11/2017,108.9855,111.5449,137.545,117.0362,129.6757,166.4537,184.9855,234.7146
8/18/2017,108.9522,111.5107,137.5378,117.1144,129.7624,166.4115,184.9386,234.705
8/25/2017,109.0889,111.6506,137.7552,117.4359,130.1186,167.2544,185.8753,235.988
9/1/2017,109.2388,111.8041,137.9671,117.8875,130.619,168.181,186.905,237.3964
9/8/2017,109.1091,111.6714,137.8221,117.9555,130.6944,167.4036,186.0412,236.2564
9/15/2017,109.3072,111.8741,138.1224,118.3865,131.1719,168.2274,186.9567,237.494
9/22/2017,109.2834,111.8506,138.0965,118.1125,130.9807,168.045,186.7745,237.2832
9/29/2017,109.4757,112.1022,138.4419,118.182,131.3304,169.2441,188.1073,239.1535
10/6/2017,109.5317,112.2145,138.5726,118.4904,131.8366,169.6041,188.856,239.9183
10/13/2017,109.5271,112.2097,138.6024,118.6049,131.964,169.5441,189.0681,240.0928
10/20/2017,109.6577,112.3436,138.8037,118.9268,132.3221,170.4529,190.1521,241.4503
10/27/2017,109.6402,112.3256,138.8129,118.8785,132.2684,170.2968,189.9779,241.3598
11/3/2017,109.6295,112.3146,138.8203,118.5674,131.9222,170.1322,189.7943,241.133
11/10/2017,109.4969,112.1788,138.6906,117.9356,131.2193,169.1409,188.6884,239.8015
11/17/2017,109.5475,112.2306,138.7851,118.4083,131.7452,169.5441,189.1382,240.3711
11/24/2017,109.7168,112.4041,139.0328,118.6687,132.0349,170.4028,190.0961,241.6561
12/1/2017,109.7119,112.3991,139.0772,118.7035,132.0737,170.2651,189.9426,241.6005
12/8/2017,109.8089,112.4985,139.2238,118.9432,132.3403,170.6019,190.3183,242.0956
12/15/2017,109.8498,112.5403,139.3139,119.0912,132.5051,171.0312,190.7971,242.7383
12/22/2017,109.9095,112.6024,139.4181,119.4125,132.8347,171.3059,191.124,243.1686
12/29/2017,109.9328,112.6262,139.5269,119.5108,132.944,171.5639,191.4118,243.8115
1/5/2018,110.1222,112.8202,139.7846,119.969,133.4537,172.7134,192.6943,245.3489
1/12/2018,110.0632,112.7598,139.7351,120.0675,133.5633,172.4742,192.4274,245.0481
1/19/2018,110.037,112.733,139.7548,119.9221,133.4015,172.3694,192.3105,244.9946
1/26/2018,110.1568,112.8557,139.9519,119.9457,133.4278,173.0109,193.0262,245.9706
2/2/2018,109.9157,112.6087,139.6736,119.7418,133.201,171.0825,190.8747,243.2156
2/9/2018,109.4107,112.0913,139.111,118.7417,132.0885,168.8636,188.3991,240.2619
2/16/2018,109.8625,112.5541,139.7215,119.6799,133.1321,171.4088,191.2388,243.8212
2/23/2018,109.6471,112.3335,139.5331,119.6494,133.0982,170.575,190.3085,243.1293
3/2/2018,109.6688,112.3558,139.556,119.5108,132.944,170.3023,190.0042,242.5273
3/9/2018,109.7625,112.4517,139.7112,120.1014,133.601,171.1306,190.9284,243.7034
3/16/2018,109.8107,112.5012,139.8218,119.8592,133.3316,171.2265,191.0353,243.9083
3/23/2018,109.4732,112.1672,139.3904,119.3596,132.9409,169.4615,189.0867,241.5586
3/30/2018,109.6181,112.3598,139.7039,119.8829,133.7406,170.7049,190.4741,243.5595
4/6/2018,109.6194,112.4053,139.7774,119.8354,133.8499,170.8445,190.916,243.9858
4/13/2018,109.8367,112.6392,140.1058,119.7246,133.7261,172.1487,192.733,246.1579
4/20/2018,109.8751,112.6785,140.2003,119.7283,133.7302,172.1595,192.8166,246.3158
4/27/2018,109.9249,112.7296,140.317,119.7644,133.7706,172.4797,193.1752,246.8544
5/4/2018,109.8584,112.6614,140.2895,119.307,133.2597,172.3471,193.0267,246.736
5/11/2018,109.9925,112.799,140.5107,119.074,132.9994,173.1579,193.9348,248.0429
5/18/2018,109.8684,112.6717,140.4079,118.2114,132.0359,172.5783,193.2856,247.2859
5/25/2018,109.8081,112.6099,140.3947,118.7646,132.6538,172.5727,193.2794,247.3471
6/1/2018,109.7304,112.5302,140.3476,118.1706,131.9903,172.4815,193.1772,247.4144
6/8/2018,109.6954,112.4942,140.3383,118.0163,131.818,172.6581,193.375,247.6743
6/15/2018,110.001,112.8077,140.7868,117.4022,131.1321,173.7514,194.5995,249.3365
6/22/2018,109.8158,112.6185,140.6009,117.8437,131.6288,173.1686,193.9683,248.5821
6/29/2018,109.6747,112.4739,140.4969,117.3949,131.1275,171.914,192.5629,246.9282
7/6/2018,109.8701,112.6742,140.7893,118.1919,132.0177,173.1733,193.9735,248.7879
7/13/2018,110.0554,112.8643,141.0857,118.3244,132.1658,174.0954,195.0063,250.2349
7/20/2018,110.0168,112.8247,141.0894,118.4712,132.3297,173.8466,194.7277,249.9122
7/27/2018,110.194,113.0064,141.3703,118.9851,132.9038,174.5841,195.5538,251.0691
8/3/2018,110.1732,112.9851,141.4002,118.7002,132.5855,174.8868,195.8928,251.6925
8/10/2018,110.0642,112.8733,141.3238,117.227,130.94,174.6094,195.5821,251.3627
8/17/2018,110.1055,112.9156,141.4266,116.9021,130.5771,174.5898,195.5601,251.4085
8/24/2018,110.182,112.9941,141.5824,116.7565,130.4145,175.1558,196.1942,252.3234
8/31/2018,110.1801,112.9922,141.6402,115.4873,128.9968,175.1615,196.2006,252.4555
9/7/2018,110.2043,113.017,141.7219,115.9903,129.5586,175.2284,196.2754,252.5962
9/14/2018,110.4136,113.2317,142.0406,117.0531,130.7458,176.2827,197.4564,254.2142
9/21/2018,110.3966,113.215,142.0746,118.0072,131.8702,176.4995,197.7209,254.6141
9/28/2018,110.4819,113.347,142.3378,118.2655,132.4341,177.2602,198.573,256.025
10/5/2018,110.3612,113.2787,142.2382,117.1827,131.4403,176.4845,197.9983,254.9195
10/12/2018,110.2338,113.159,142.1326,117.5454,131.8472,175.6229,197.3272,253.9274
10/19/2018,110.085,113.0063,141.9904,117.6835,132.0021,174.896,196.6576,252.9369
10/26/2018,109.9495,112.8672,141.9119,117.7562,132.0837,173.5255,195.1167,251.3578
11/2/2018,110.1679,113.0914,142.2555,118.3614,132.7625,175.1596,196.9541,253.8051
11/9/2018,110.165,113.0883,142.2935,118.3612,132.7622,175.0881,196.8737,253.6294
11/16/2018,109.7922,112.7057,141.8828,118.0093,132.3675,172.9901,194.5147,250.7124
11/23/2018,109.5168,112.423,141.578,117.1423,131.3951,171.9057,193.2954,249.277
11/30/2018,109.7897,112.7031,142.0107,117.7795,132.1098,173.8129,195.4398,252.0669
12/7/2018,109.4246,112.3283,141.5953,117.83,132.1664,171.8808,193.2674,249.3255
12/14/2018,109.6234,112.5324,141.9062,118.2888,132.6811,172.3925,193.8427,250.1883
12/21/2018,108.9948,111.888,141.1532,117.6961,132.0199,168.6612,189.6701,244.7782
12/28/2018,109.2162,112.1153,141.5213,117.8478,132.1901,170.2619,191.4702,247.3562
1/4/2019,109.4577,112.3632,141.915,118.4896,132.91,171.8872,193.298,250.0661
1/11/2019,109.7761,112.6901,142.3963,118.5848,133.0168,173.8772,195.5359,252.9843
1/18/2019,110.0399,112.9608,142.8108,119.4508,133.9881,175.0958,196.9063,254.9157
1/25/2019,110.085,113.0071,142.9256,119.6983,134.2657,174.9044,196.691,254.6813
2/1/2019,110.3636,113.2931,143.3368,119.966,134.566,176.2962,198.2562,256.8387
2/8/2019,110.3433,113.2722,143.3468,119.7228,134.2932,176.0132,197.9379,256.2802
2/15/2019,110.5993,113.5351,143.7858,119.8934,134.4846,177.477,199.584,258.6896
2/22/2019,110.6733,113.611,143.9196,120.0493,134.6594,177.3816,199.4768,258.674
3/1/2019,110.7981,113.7391,144.193,120.3044,134.9456,177.7833,199.9285,259.5923
3/8/2019,110.5947,113.5303,143.9818,119.9829,134.585,176.4122,198.3866,257.5736
3/15/2019,110.892,113.8355,144.4612,120.3877,135.0391,178.1715,200.3651,260.4523
3/22/2019,110.7847,113.7262,144.4308,119.707,134.3902,177.7815,199.9357,260.352
3/29/2019,111.0091,114.0126,144.8056,119.6467,134.6016,178.8371,201.1229,262.0241
4/5/2019,111.1646,114.2282,145.0575,120.0297,135.1999,179.5619,202.3142,263.167
4/12/2019,111.3669,114.4362,145.3997,119.7126,134.8427,180.5583,203.8171,264.9371
4/19/2019,111.3242,114.3923,145.415,119.73,134.8597,180.6297,203.8976,265.2642
4/26/2019,111.358,114.4271,145.5223,118.8548,133.8765,180.8718,204.1708,265.6706
5/3/2019,111.3361,114.4046,145.6014,119.2947,134.372,181.0138,204.3312,266.1609
5/10/2019,111.2136,114.2786,145.459,118.7584,133.768,179.9662,203.1487,264.7857
5/17/2019,111.0804,114.1417,145.4468,118.2973,133.2486,179.1618,202.2406,264.1048
5/24/2019,111.014,114.0735,145.3818,118.3044,133.2565,178.4274,201.4116,262.7855
5/31/2019,110.7565,113.809,145.0871,118.0856,133.01,176.4231,199.1492,259.8955
6/7/2019,111.1861,114.2504,145.7096,118.8407,133.8606,178.81,201.8435,263.2397
6/14/2019,111.2545,114.3207,145.868,119.0647,134.1129,179.6415,202.7821,264.6927
6/21/2019,111.5974,114.6739,146.4381,120.1737,135.3658,182.0885,205.5666,268.7408
6/28/2019,111.667,114.7454,146.5561,120.5606,135.8016,182.1503,205.6364,268.7025
7/5/2019,111.732,114.8121,146.7494,120.8338,136.1093,182.5106,206.0432,269.6698
7/12/2019,111.7276,114.8077,146.7682,120.9922,136.2877,182.3319,205.8415,269.265
7/19/2019,111.6974,114.7766,146.8405,121.1629,136.48,181.5818,204.9946,268.4114
7/26/2019,111.8598,114.9434,147.0996,121.4068,136.7548,182.5108,206.0434,269.8849
8/2/2019,111.604,114.6806,146.7852,120.6623,135.9162,180.5005,203.7739,266.7819
8/9/2019,111.4951,114.5687,146.7204,120.2865,135.4928,179.5825,202.7376,265.6862
8/16/2019,111.5677,114.6433,146.8563,118.8752,133.9032,179.5396,202.6891,265.4645
8/23/2019,111.5468,114.6219,146.9231,118.4373,133.4099,179.2971,202.4153,265.4821
8/30/2019,111.8069,114.8892,147.3045,118.2355,133.1826,181.0826,204.4311,268.1117
9/6/2019,111.959,115.0454,147.6016,119.359,134.4481,182.1692,205.6578,270.013
9/13/2019,112.0209,115.109,147.6891,119.2489,134.3241,183.0024,206.5984,271.2026
9/20/2019,111.9072,114.993,147.6486,119.2198,134.2951,182.4245,205.9587,270.6978
9/27/2019,111.8052,114.922,147.5253,118.7479,134.0453,181.997,205.4761,269.9245
10/4/2019,111.8878,115.0632,147.7143,118.7893,134.3745,182.1554,205.8868,270.0564
10/11/2019,112.0561,115.259,148.1083,119.1893,134.8269,182.7624,206.9602,272.0402
10/18/2019,112.1815,115.3879,148.2156,119.3806,135.0434,183.6523,208.1226,272.8978
10/25/2019,112.2719,115.4809,148.4269,119.9364,135.672,184.2374,208.7857,274.0331
11/1/2019,112.3139,115.5241,148.5281,119.9991,135.7429,184.4956,209.0783,274.3814
11/8/2019,112.4091,115.622,148.6947,119.8975,135.6281,184.8509,209.4809,275.0192
11/15/2019,112.4289,115.6424,148.768,119.711,135.4171,184.5995,209.196,274.7963
11/22/2019,112.4358,115.6495,148.8114,119.501,135.1794,184.2684,208.8208,274.1511
11/29/2019,112.5263,115.7426,149.0125,119.4581,135.131,185.3866,210.0879,276.1147
12/6/2019,112.5811,115.799,149.1282,119.7285,135.4368,185.7823,210.5365,276.7438
12/13/2019,112.6576,115.8777,149.2624,120.6211,136.4465,186.2135,211.025,277.5467
12/20/2019,112.8116,116.0369,149.5382,120.8573,136.7175,187.3414,212.3095,279.3708
12/27/2019,112.8876,116.1151,149.6904,121.2619,137.1751,187.9933,213.0483,280.4438
1/3/2020,112.7975,116.0224,149.6239,120.9284,136.7979,187.7565,212.78,280.1393
1/10/2020,112.9007,116.1285,149.8076,121.052,136.9377,188.07,213.1352,280.768
1/17/2020,112.9225,116.1509,149.8865,121.1908,137.0947,188.1779,213.2575,280.9161
1/24/2020,112.7809,116.0053,149.7266,120.4216,136.2246,187.0188,211.9439,279.1791
1/31/2020,112.6338,115.854,149.6042,120.1999,135.9738,186.4118,211.256,278.2859
2/7/2020,112.853,116.0795,149.9454,120.6367,136.4679,187.7046,212.7211,280.5899
2/14/2020,112.9669,116.1966,150.1227,120.7506,136.5968,188.2582,213.3485,281.2999
2/21/2020,112.8565,116.0831,150.0024,120.4528,136.2599,187.5703,212.5689,280.2482
2/28/2020,111.8539,115.0518,148.6934,117.5853,133.0161,181.9501,206.1997,271.0773
3/6/2020,110.8319,114.0006,147.4896,116.7531,132.0746,175.5181,198.9104,263.5638
3/13/2020,109.249,112.3725,145.0292,112.7475,127.5434,165.1015,187.1056,247.2579
3/20/2020,108.6829,111.791,144.3591,107.9405,122.1098,156.1717,176.9914,228.0927
3/27/2020,110.3034,113.4925,146.966,111.5827,126.6348,164.2271,186.1207,246.8064
4/3/2020,109.2427,112.4669,145.3131,108.7284,123.8281,155.5466,176.6265,229.0968
4/10/2020,111.0988,114.4042,148.8511,113.5818,129.3789,168.9628,192.2956,254.2054
4/17/2020,111.2857,114.5968,148.5001,111.3726,126.8395,164.6532,187.6664,247.3464
4/24/2020,110.9453,114.2461,148.0872,110.1607,125.4594,160.1153,182.4942,241.2759
5/1/2020,111.1702,114.4778,148.3629,111.4161,126.8891,161.827,184.4451,242.7464
5/8/2020,111.0457,114.3496,148.2911,111.9827,127.5523,159.9496,182.3054,242.316
5/15/2020,110.8017,114.0983,148.0323,111.3702,126.8368,157.5631,179.5853,238.0096
5/22/2020,111.4212,114.7362,148.6885,113.5569,129.3272,162.67,185.406,244.2223
5/29/2020,111.751,115.0758,149.3351,114.189,130.047,164.9475,188.0018,249.9812
6/5/2020,112.597,115.947,150.3624,117.8681,134.2371,173.0938,197.2867,262.5402
6/12/2020,111.9212,115.2511,149.3218,116.0703,132.1897,167.7011,191.1403,251.0564
6/19/2020,112.2447,115.5842,149.5207,116.3557,132.5147,168.5667,192.1269,251.4833
6/26/2020,111.9118,115.2423,149.295,115.8924,131.9401,164.7984,187.7831,246.801
7/3/2020,112.2575,115.5983,149.8087,117.1132,133.33,165.827,188.9553,248.8478
7/10/2020,112.1256,115.4624,149.7789,115.961,132.0182,163.1733,185.9314,246.1678
7/17/2020,112.3295,115.6725,150.0307,116.1676,132.2534,166.0246,189.1804,250.1458
7/24/2020,112.4396,115.7858,150.1699,116.6672,132.8221,166.8623,190.1349,251.4862
7/31/2020,112.4692,115.8163,150.1903,116.6327,132.7829,168.8702,192.4228,254.0662
8/7/2020,112.7529,116.1085,150.6268,116.6414,132.7928,170.3317,194.0882,257.3151
8/14/2020,112.6331,115.9851,150.4131,116.5463,132.6845,169.6269,193.2851,255.651
8/21/2020,112.6241,115.9759,150.4416,116.8659,133.0484,170.3421,194.1001,257.4482
8/28/2020,112.6964,116.0503,150.5256,117.3748,133.6278,172.1658,196.1781,260.0324
9/4/2020,112.7753,116.1315,150.5912,117.9671,134.3021,172.7477,196.8412,260.6659
9/11/2020,112.6427,115.9949,150.3946,117.6283,133.9164,172.0168,196.0083,258.9958
9/18/2020,112.5772,115.9275,150.295,117.8277,134.1433,172.6374,196.7155,259.8932
9/25/2020,111.7613,115.1109,149.4543,116.2844,132.6138,168.815,192.3157,255.1238
10/2/2020,111.7396,115.1453,149.5087,117.0611,133.7811,169.9348,193.7396,257.2958
10/9/2020,112.0841,115.5344,149.9688,118.6309,135.632,172.8033,197.3834,262.2565
10/16/2020,112.0263,115.4749,149.848,118.5608,135.5519,172.9469,197.77,262.0981
10/23/2020,111.9891,115.4365,149.744,118.6845,135.6933,172.9227,197.7423,261.4537
10/30/2020,111.44,114.8704,149.0725,117.9175,134.8163,168.9598,193.2106,255.929
11/6/2020,112.1956,115.6493,150.093,119.2975,136.3941,173.7471,198.685,262.7865
11/13/2020,112.1399,115.592,150.0087,120.3264,137.5705,174.8921,199.9944,265.9653
11/20/2020,112.061,115.5106,149.8342,120.7237,138.0247,176.1894,201.4779,266.1027
11/27/2020,112.3306,115.7885,150.2668,121.0072,138.3489,178.7003,204.3492,270.2982
12/4/2020,112.4441,115.9055,150.3569,121.5287,138.9451,179.4268,205.1799,272.2588
12/11/2020,112.2222,115.6768,150.1095,120.9981,138.3384,178.9408,204.6241,270.7954
12/18/2020,112.3008,115.7578,150.1406,121.6602,139.0954,179.6896,205.4805,271.5401
12/25/2020,112.284,115.7414,150.1433,121.6297,139.0643,179.75,205.5714,272.0109
1/1/2021,112.4092,115.8703,150.4594,121.9999,139.4876,179.8257,205.6579,272.8146
1/8/2021,112.4849,115.9484,150.4805,122.0152,139.5051,180.1914,206.0762,272.9023
1/15/2021,112.4472,115.9095,150.363,120.9477,138.2845,179.8727,205.7117,272.0439
1/22/2021,112.4194,115.8809,150.4354,121.0261,138.3742,179.5216,205.3102,272.0906
1/29/2021,112.2631,115.7198,150.078,121.0167,138.3634,179.0907,204.8174,270.6611
2/5/2021,112.4767,115.94,150.4836,121.9624,139.4447,181.2237,207.2568,274.454
2/12/2021,112.5013,115.9653,150.5162,121.718,139.1652,181.1394,207.1604,274.4382
2/19/2021,112.5022,115.9663,150.4862,121.4847,138.8985,181.0609,207.0706,273.907
2/26/2021,112.2599,115.7165,150.2024,120.3319,137.5805,179.8095,205.6394,272.2115
3/5/2021,112.2728,115.7298,150.3612,119.903,137.0901,180.0451,205.9089,273.5264
3/12/2021,112.4147,115.8761,150.4186,120.4724,137.7411,180.7161,206.6763,273.63
3/19/2021,112.4708,115.9339,150.5068,120.448,137.7132,180.3215,206.225,273.716
3/26/2021,112.5197,116.0078,150.6096,119.4299,136.7811,181.0791,207.1134,274.422
4/2/2021,112.7427,116.2832,151.0846,119.4228,137.0023,182.361,208.6557,277.0858
4/9/2021,112.8052,116.3931,151.0834,119.3878,137.0764,182.9572,209.6427,277.5949
4/16/2021,112.8713,116.4612,151.1798,120.5035,138.3573,183.4282,210.5647,278.6631
4/23/2021,112.7884,116.3757,151.122,120.2834,138.1047,182.8309,209.8791,278.2797
4/30/2021,112.876,116.4661,151.1805,120.2972,138.1205,183.6047,210.7674,278.9779
5/7/2021,112.865,116.4548,151.2306,120.6539,138.53,183.6324,210.7991,279.3157
5/14/2021,112.8421,116.4312,151.2137,120.7097,138.5941,183.426,210.5622,279.1794
5/21/2021,112.8336,116.4224,151.1053,120.8089,138.708,183.5428,210.6963,278.626
5/28/2021,112.9105,116.5017,151.2652,120.7944,138.6914,184.0188,211.2427,279.6844
6/4/2021,112.9439,116.5362,151.307,120.9876,138.9131,184.4147,211.6972,280.365
6/11/2021,113.0576,116.6535,151.4704,121.6381,139.66,185.087,212.469,281.4653
6/18/2021,112.9749,116.5681,151.2758,121.1397,139.0878,184.5224,211.8208,280.1578
6/25/2021,113.1143,116.7128,151.559,121.5012,139.5066,185.6836,213.1759,282.2964
7/2/2021,113.1597,116.7596,151.606,121.3764,139.3633,185.9237,213.4516,282.6682
7/9/2021,113.1177,116.7163,151.5668,121.0629,139.0033,185.459,212.918,282.1314
7/16/2021,113.0913,116.6891,151.4254,121.1559,139.1101,185.3141,212.7517,280.9117
7/23/2021,113.1288,116.7278,151.5611,121.0278,138.963,185.436,212.8917,281.7801
7/30/2021,113.1028,116.701,151.4934,120.9081,138.8256,184.8621,212.2327,280.7282
8/6/2021,113.1189,116.7176,151.5464,120.9412,138.8636,185.1727,212.5893,281.4201
8/13/2021,113.154,116.7537,151.6066,121.2166,139.1798,185.3763,212.8231,281.8508
8/20/2021,113.0585,116.6552,151.5241,120.8116,138.7148,184.5032,211.8207,280.9107
8/27/2021,113.2076,116.809,151.7834,121.3621,139.3469,185.8108,213.3219,283.1927
9/3/2021,113.293,116.8972,151.7769,121.8413,139.8971,186.5422,214.1616,283.5797
9/10/2021,113.3067,116.9113,151.7711,121.8649,139.9241,186.7019,214.345,283.5226
9/17/2021,113.3406,116.9463,151.8064,121.7061,139.7418,186.8698,214.5377,283.5595
9/24/2021,113.3368,116.966,151.9293,121.1179,139.2998,186.6897,214.3534,283.8307
10/1/2021,113.2505,116.9341,151.8381,120.7003,139.1075,186.1997,213.9471,283.1332
10/8/2021,113.2175,116.9342,151.7337,120.6475,139.1043,185.7417,213.8115,281.9907
10/15/2021,113.2551,116.973,151.8847,120.7378,139.2084,185.9806,214.3223,283.2512
10/22/2021,113.2976,117.0169,151.8838,120.5729,139.0183,186.1289,214.4933,283.0645
10/29/2021,113.2752,116.9938,151.9008,120.4872,138.9195,185.8931,214.2214,282.9109
11/5/2021,113.4472,117.1714,152.1483,121.0912,139.6159,187.3004,215.8432,285.3399
11/12/2021,113.3384,117.059,152.0109,120.9659,139.4714,186.5455,214.9733,284.1234
11/19/2021,113.3586,117.08,151.9802,120.5135,138.9497,186.6408,215.0831,283.9428
11/26/2021,113.0574,116.7689,151.5647,118.9685,137.1684,184.4267,212.5316,280.7045
12/3/2021,113.0811,116.7934,151.4675,119.5847,137.8789,184.9731,213.1612,280.2756
12/10/2021,113.2485,116.9662,151.8793,120.411,138.8316,186.2424,214.6239,283.5179
12/17/2021,113.3202,117.0403,151.9851,119.9943,138.3511,186.0648,214.4194,283.521
12/24/2021,113.4442,117.1692,152.1999,120.3615,138.7784,187.3294,215.8997,285.7013
12/31/2021,113.5258,117.2535,152.2342,120.7627,139.241,187.643,216.2611,285.7742
1/7/2022,113.372,117.0946,152.0276,120.3242,138.7354,186.7411,215.2216,284.0499
1/14/2022,113.3176,117.0384,151.9532,119.4428,137.7191,186.5954,215.0537,284.0968
1/21/2022,113.0986,116.8122,151.6426,119.666,137.9765,185.3766,213.649,282.0373
1/28/2022,112.8306,116.5354,151.3302,119.3256,137.584,183.5118,211.4999,279.3923
2/4/2022,112.7262,116.4277,151.3278,119.3926,137.6612,182.9053,210.8008,279.3449
2/11/2022,112.7412,116.4431,150.9305,119.6178,137.9209,183.1785,211.1157,276.9202
2/18/2022,112.5801,116.2768,150.9681,119.333,137.5925,182.4282,210.251,277.6857
2/25/2022,112.7241,116.4255,151.1336,118.2372,136.3291,183.4594,211.4394,279.1
3/4/2022,112.3728,116.0626,150.6006,114.5097,132.0311,181.5817,209.2754,275.4712
3/11/2022,112.4121,116.1032,150.6295,113.9742,131.4138,181.4653,209.1412,275.1451
3/18/2022,112.7463,116.4484,151.3467,116.8359,134.7133,183.21,211.152,279.713
3/25/2022,112.7934,116.5209,151.266,115.0656,132.9344,183.8412,211.9031,279.0592
4/1/2022,113.0076,116.7995,151.6547,115.6697,133.9481,184.9414,213.332,281.4449
4/8/2022,112.8741,116.696,151.4519,115.0799,133.3276,183.3311,211.8747,279.0335
4/15/2022,112.7538,116.5716,151.2902,114.3294,132.458,182.9412,211.6663,278.186
4/22/2022,112.4432,116.2505,150.8368,113.9213,131.9853,181.2643,209.7261,275.1823
4/29/2022,112.1586,115.9562,150.6054,113.2373,131.1928,178.9726,207.0746,272.4562
5/6/2022,112.013,115.8058,150.4865,112.6456,130.5073,177.8526,205.7787,271.0674
5/13/2022,112.0342,115.8277,150.5589,112.2993,130.1061,176.9315,204.7129,270.6476
5/20/2022,111.9062,115.6953,150.1456,112.4643,130.2972,175.54,203.103,266.0447
5/27/2022,112.4599,116.2678,151.1285,113.9084,131.9703,179.6696,207.881,274.2454
6/3/2022,112.4733,116.2816,151.0162,113.8324,131.8823,179.8108,208.0444,270.2767
6/10/2022,111.8358,115.6226,150.395,112.1636,129.9489,174.5525,201.9604,264.0053
6/17/2022,111.3905,115.1621,149.8674,111.1097,128.7279,171.2358,198.1229,259.2341
6/24/2022,111.5449,115.3226,150.268,111.4638,129.1421,173.3529,200.5928,264.21
7/1/2022,111.4272,115.201,149.9553,110.7874,128.3584,171.7615,198.7513,259.8186
7/8/2022,111.8253,115.6126,150.7282,110.679,128.2329,175.0176,202.519,266.2041
7/15/2022,111.8354,115.623,150.7562,108.8296,126.09,174.0752,201.4286,264.993
7/22/2022,112.3827,116.1888,151.2014,110.3895,127.8974,178.6886,206.7669,268.9001
7/29/2022,112.506,116.3163,151.7299,111.2174,128.8566,179.2473,207.4133,272.5185
8/5/2022,112.3894,116.1957,151.6963,111.7827,129.5116,178.7879,206.8817,273.324
8/12/2022,112.7797,116.5993,152.2699,113.7995,131.8482,182.7821,211.5036,278.3631
8/19/2022,112.6476,116.4627,151.9118,112.082,129.8583,180.8203,209.2335,273.3751
8/26/2022,112.6161,116.4301,151.6973,113.0583,130.9895,180.6461,209.0319,271.2696
9/2/2022,112.2597,116.0617,151.4001,112.6577,130.5254,177.8701,205.8197,268.3442
9/9/2022,112.5865,116.3995,152.178,113.8383,131.8932,180.3029,208.6348,274.5469
9/16/2022,112.0923,115.8886,151.714,112.5415,130.3907,176.075,203.7426,268.7569
9/23/2022,111.9157,115.7187,151.1746,111.8824,129.8418,175.1516,202.6996,264.6914
9/30/2022,111.7761,115.6347,151.2725,110.5512,128.68,175.4235,203.111,266.3732
10/7/2022,112.187,116.1065,151.8838,111.3183,129.7159,177.2712,205.7099,269.9437
10/14/2022,112.2105,116.1307,151.7868,110.8688,129.1921,177.4908,206.3497,268.7597
10/21/2022,112.2246,116.1454,152.5398,110.6258,128.9089,177.8504,206.7677,274.2099
10/28/2022,112.7205,116.6586,153.1985,112.7965,131.4384,181.9503,211.5343,279.5874
11/4/2022,112.6804,116.617,153.0746,113.2233,131.9357,181.1437,210.5965,277.2736
11/11/2022,112.9386,116.8843,153.7744,114.5833,133.5205,183.1035,212.8749,282.1355
11/18/2022,113.1645,117.1181,153.9914,114.8921,133.8803,184.5873,214.6,283.1442
11/25/2022,113.3781,117.3392,154.4226,115.64,134.7518,186.4408,216.7548,286.0934
12/2/2022,113.3266,117.2858,154.6088,115.5883,134.6916,185.4644,215.6197,286.3403
12/9/2022,113.2535,117.2102,154.6136,115.6417,134.7538,184.8379,214.8913,285.5092
12/16/2022,113.1946,117.1492,154.4805,115.3962,134.4677,184.9134,214.9791,284.1879
12/23/2022,113.2817,117.2402,154.8357,115.3593,134.4286,185.5731,215.7732,286.3403
12/30/2022,113.2888,117.2476,154.9295,115.603,134.7125,185.3677,215.5344,286.0635
1/6/2023,113.5504,117.5184,155.5977,115.8883,135.045,187.01,217.4439,290.3692
1/13/2023,113.798,117.7746,156.004,116.0312,135.2116,189.4852,220.3219,293.611
1/20/2023,113.6335,117.6044,155.8836,115.8382,134.9867,187.866,218.4392,291.198
1/27/2023,113.8359,117.8138,156.289,116.2618,135.4803,189.6732,220.5405,294.083
2/3/2023,114.0183,118.0026,156.6219,116.7276,136.0231,191.086,222.1833,296.1461
2/10/2023,113.8464,117.8247,156.484,116.1466,135.3461,189.7711,220.6543,293.8731
2/17/2023,113.7721,117.7478,156.5794,116.014,135.1915,188.8207,219.5493,293.4654
2/24/2023,113.6513,117.6227,156.557,115.708,134.8349,188.0681,218.6742,292.4007
3/3/2023,113.8161,117.7933,157.1059,116.3594,135.594,189.423,220.2496,296.4404
3/10/2023,113.5879,117.5572,156.5134,116.2179,135.4291,187.4197,217.9203,290.1071
3/17/2023,113.2762,117.2346,156.2424,114.9306,133.929,184.4572,214.4756,286.484
3/24/2023,113.3471,117.3321,156.8554,115.2217,134.506,184.1997,214.2032,288.0008
3/31/2023,113.9193,117.9829,157.7661,116.6744,136.4916,188.3459,219.1982,294.0258
4/7/2023,113.6571,117.7462,157.7981,116.1042,135.882,186.0963,216.9244,292.872
4/14/2023,114.0598,118.1634,158.249,116.8089,136.7067,189.1313,220.8104,295.7813
4/21/2023,113.9217,118.0203,158.2726,116.2979,136.1086,188.109,219.6169,295.3195
4/28/2023,113.9543,118.0541,158.5467,116.182,135.973,188.4754,220.0447,296.5137
5/5/2023,113.6977,117.7883,158.35,115.9757,135.7316,186.4451,217.6743,293.8898
5/12/2023,113.7909,117.8848,158.4497,116.138,135.9215,187.0667,218.3999,293.5654
5/19/2023,113.9225,118.0212,158.7129,115.9508,135.7024,187.8609,219.3273,294.5374
5/26/2023,114.0277,118.1302,159.1974,116.1371,135.9205,188.5445,220.1253,297.3118
6/2/2023,114.2641,118.375,159.6942,116.9814,136.9087,190.4839,222.3896,300.8636
6/9/2023,114.3479,118.4619,159.9429,117.8601,137.937,191.6007,223.6935,302.7295
6/16/2023,114.4135,118.5298,160.146,118.1593,138.2871,192.2618,224.4653,303.336
6/23/2023,114.2828,118.3954,160.1311,117.7501,137.8121,190.5784,222.5266,300.9884
6/30/2023,114.5182,118.6392,160.7575,118.2531,138.4008,192.4161,224.6725,305.6731
7/7/2023,114.3884,118.5047,160.7221,117.8601,137.941,191.3316,223.4061,303.8836
7/14/2023,114.7262,118.8546,161.0553,118.9639,139.2327,194.282,226.8512,306.4629
7/21/2023,114.7132,118.8412,161.3803,118.9618,139.2303,194.3549,226.9362,308.4856
7/28/2023,114.8252,118.9572,161.7294,119.673,140.0627,195.0938,227.799,310.0486
8/4/2023,114.681,118.8078,161.564,119.1666,139.47,194.0315,226.5586,307.8145
8/11/2023,114.6295,118.7545,161.8601,119.0582,139.3431,193.364,225.7792,308.6839
8/18/2023,114.4475,118.5659,161.6923,118.1039,138.2263,191.8968,224.0661,306.1299
8/25/2023,114.7336,118.8623,162.2896,118.9083,139.1677,193.4473,225.8765,308.975
9/1/2023,114.9042,119.0391,162.5859,119.5505,139.9193,195.1499,227.8645,311.1562
9/8/2023,114.8735,119.0073,162.7024,119.3879,139.729,194.7228,227.3658,310.7816
9/15/2023,114.9299,119.0657,162.9741,119.273,139.5945,195.2216,227.9482,312.0921
9/22/2023,114.79,118.9216,162.8513,119.4889,139.9683,194.1938,226.7752,310.4606
9/29/2023,114.7792,118.9692,163.0739,119.1325,139.8442,194.1741,226.7522,310.3796
10/6/2023,114.3778,118.6117,163.0371,117.9402,138.62,190.8599,223.3269,308.6054
10/13/2023,114.6446,118.8884,163.159,118.4664,139.2385,192.4034,225.489,308.5716
10/20/2023,114.3343,118.5667,163.0468,117.958,138.6409,190.094,222.8708,306.3314
10/27/2023,114.3826,118.6167,163.0916,118.3503,139.1021,190.4337,223.2691,305.7551
11/3/2023,114.8873,119.1401,164.2287,119.8772,140.8967,194.1036,227.5717,314.5261
11/10/2023,114.9994,119.2564,164.5273,119.6615,140.6432,194.845,228.4409,315.272
11/17/2023,115.2532,119.5195,165.0343,120.555,141.6934,196.7633,230.69,318.7619
11/24/2023,115.3356,119.605,165.3062,120.8444,142.0334,197.9309,232.059,320.6736
12/1/2023,115.3731,119.6438,165.6609,120.9293,142.1332,197.981,232.1177,322.2329
12/8/2023,115.4062,119.6782,165.8418,121.1045,142.3392,198.1627,232.3308,322.3562
12/15/2023,115.7346,120.0188,166.3151,121.916,143.293,201.4452,236.1792,327.1659
12/22/2023,115.8307,120.1193,166.6327,122.2676,143.71,202.7786,237.7484,329.1904
12/29/2023,115.815,120.103,166.842,122.3188,143.7703,202.9062,237.898,330.0496
1/5/2024,115.6876,119.9709,166.7582,121.4999,142.8077,201.6423,236.4161,328.2524
1/12/2024,115.9239,120.216,167.2872,121.974,143.365,203.3122,238.3741,331.2994
1/19/2024,115.8843,120.1749,167.4916,121.7105,143.0552,202.9458,237.9444,331.6432
1/26/2024,115.9375,120.2301,167.7278,121.8004,143.161,203.6887,238.8154,333.0034
2/2/2024,115.9102,120.2017,167.8987,121.7677,143.1225,203.3485,238.4167,333.4001
2/9/2024,115.9473,120.2402,168.0893,121.887,143.2628,203.924,239.0914,334.3259
2/16/2024,116.0616,120.3588,168.3623,122.0765,143.4855,204.516,239.7855,335.0885
2/23/2024,116.1695,120.4706,168.6719,122.5681,144.0633,205.3886,240.8086,336.6439
3/1/2024,116.1151,120.4142,168.8409,122.5957,144.0957,205.2782,240.679,337.5425
